day,payments,alert_rate,psi_risk_score,psi_hours_since_prev_dest_txn,psi_dest_txn_count_24h,psi_dest_amount_sum_24h
14,173709,0.012,0.0201,0.2232,0.4453,0.17
15,163208,0.0119,0.0223,0.2984,0.5506,0.2315
16,186610,0.0116,0.0241,0.2994,0.5886,0.2763
17,10136,0.0658,0.3776,1.1049,0.9306,0.5247
18,4209,0.0649,0.1955,3.3537,3.3756,2.2929
19,8154,0.0374,0.2074,4.1845,3.5928,2.4446
20,10104,0.0373,0.1504,3.9617,3.2291,2.1004
21,21355,0.0245,0.2597,3.5133,2.8859,1.8895
22,20702,0.027,0.2191,2.962,2.5555,1.6185
23,13882,0.0297,0.231,3.0147,2.7386,1.7978
24,24549,0.0234,0.2461,2.8916,2.6766,1.7436
25,5466,0.0765,0.3432,3.6337,3.1291,1.8863
26,3718,0.0672,0.2978,4.3275,3.7384,2.962
27,5680,0.0928,0.3458,4.3046,3.5986,2.4735
28,23365,0.0253,0.2427,3.5589,2.9035,1.8432
29,5057,0.0668,1.0954,3.7804,2.8951,2.0653
